,train,val,test
TCGA-05-4244-01Z-00-DX1.d4ff32cd-38cf-40ea-8213-45c2b100ac01,True,False,False
TCGA-05-4245-01Z-00-DX1.36ff5403-d4bb-4415-b2c5-7c750d655cde,True,False,False
TCGA-05-4249-01Z-00-DX1.9fce0297-cc19-4c04-872c-4466ee4024db,True,False,False
TCGA-05-4250-01Z-00-DX1.90f67fdf-dff9-46ca-af71-0978d7c221ba,True,False,False
TCGA-05-4382-01Z-00-DX1.76b49a4c-dbbb-48b0-b677-6d3037e5ce88,True,False,False
TCGA-05-4384-01Z-00-DX1.CA68BF29-BBE3-4C8E-B48B-554431A9EE13,True,False,False
TCGA-05-4390-01Z-00-DX1.858E64DF-DD3E-4F43-B7C1-CE35B33F1C90,True,False,False
TCGA-05-4395-01Z-00-DX1.20205276-ca16-46b2-914a-fe5e576a5cf9,True,False,False
TCGA-05-4396-01Z-00-DX1.49DD5F68-7473-4945-B384-EA6D5AE383CB,True,False,False
TCGA-05-4397-01Z-00-DX1.00e9cdb3-b50e-439c-86b0-d7b73b802c0d,True,False,False
TCGA-05-4398-01Z-00-DX1.269bc75f-492e-48b1-87ee-85924aa80e74,True,False,False
TCGA-05-4402-01Z-00-DX1.c653ddc2-88c1-45ac-88e7-4e512b8e8d53,True,False,False
TCGA-05-4403-01Z-00-DX1.fee8e988-956c-42a2-a6c5-06b6d6736295,True,False,False
TCGA-05-4405-01Z-00-DX1.D57EC2B2-3A59-4954-86A7-61782938BCC5,True,False,False
TCGA-05-4410-01Z-00-DX1.E5B66334-4949-4F45-9200-296B1A2F1AD5,True,False,False
TCGA-05-4415-01Z-00-DX1.55E0C429-B308-4962-8DA9-41D7D3F7764E,True,False,False
TCGA-05-4417-01Z-00-DX1.6E534856-996F-4BD9-8AFC-7B1BF627E505,True,False,False
TCGA-05-4418-01Z-00-DX1.f3863ea5-564f-482f-9878-cc104cf69401,True,False,False
TCGA-05-4420-01Z-00-DX1.2df0552e-87dc-491e-9be2-be8fbce2660d,True,False,False
TCGA-05-4422-01Z-00-DX1.4802093f-71ea-43d5-bd92-b4bd7fc8c5bf,True,False,False
TCGA-05-4424-01Z-00-DX1.4892016C-1A96-4A72-ACB8-FFD282FC4E69,True,False,False
TCGA-05-4425-01Z-00-DX1.82B093EE-49BC-4FD9-91AC-4CC89944309D,True,False,False
TCGA-05-4426-01Z-00-DX1.4c9da782-f4aa-4c4f-b3aa-fae2259f236f,True,False,False
TCGA-05-4427-01Z-00-DX1.36CF4E93-3FBB-4346-A26B-85F0D9D0575D,True,False,False
TCGA-05-4430-01Z-00-DX1.95659bbb-3091-4370-bc1d-6c6c1baa7b3d,True,False,False
TCGA-05-4432-01Z-00-DX1.90d00d62-402b-404a-85e2-0edf869193ab,True,False,False
TCGA-05-4433-01Z-00-DX1.5843D3CC-CB24-4A0A-BB65-78A5DAA11D84,True,False,False
TCGA-05-4434-01Z-00-DX1.f3f5c89c-306f-4876-98fa-f7bd231f2e10,True,False,False
TCGA-05-5420-01Z-00-DX1.8C253A99-44FD-48B6-AF31-D808CCB7DB1E,True,False,False
TCGA-05-5423-01Z-00-DX1.CCCF5FDB-ACAD-4D9D-80DF-556F0D6284AF,True,False,False
TCGA-05-5425-01Z-00-DX1.85865B2F-4888-43DD-A501-458BEFCF832B,True,False,False
TCGA-05-5428-01Z-00-DX1.8018AD62-F1CE-4BFF-8EFD-3F2D4513FC11,True,False,False
TCGA-05-5429-01Z-00-DX1.20729065-FADA-4E43-98D7-AFA5FB4A0447,True,False,False
TCGA-05-5715-01Z-00-DX1.D3F0A1FA-2507-45FF-823F-F9981E62BB4C,True,False,False
TCGA-35-3615-01Z-00-DX1.585128eb-6652-4b05-9a83-dc8f242904a6,True,False,False
TCGA-35-4122-01Z-00-DX1.2ac022e4-e796-49e5-9a24-f0ff3f76a527,True,False,False
TCGA-35-4123-01Z-00-DX1.990553a8-657e-49ec-9782-e6d30a4c4909,True,False,False
TCGA-35-5375-01Z-00-DX1.10708170-750A-451B-BC10-0B4042540033,True,False,False
TCGA-38-4625-01Z-00-DX1.ffdbfc1d-7a21-4e67-a54f-89597bd14a7f,True,False,False
TCGA-38-4626-01Z-00-DX1.142bc018-bd79-4db9-84e2-f83a617ea92a,True,False,False
TCGA-38-4627-01Z-00-DX1.fe406eb9-b38b-410d-aa1a-84ab8ac091c7,True,False,False
TCGA-38-4628-01Z-00-DX1.eee4f100-142f-4d9c-8e38-b16aab123413,True,False,False
TCGA-38-4629-01Z-00-DX1.d00cc280-5370-4b9f-9655-6c35deb94647,True,False,False
TCGA-38-4630-01Z-00-DX1.d08d0193-c5ed-4db8-b236-1a4c3c3177b8,True,False,False
TCGA-38-4631-01Z-00-DX1.5e0c873a-9c4c-4e0b-bf2e-e3cd8b760761,True,False,False
TCGA-38-4632-01Z-00-DX1.5E05F85C-53BC-4280-8E7F-8B9DECEF849F,True,False,False
TCGA-38-6178-01Z-00-DX1.5932337D-BA2B-455D-9E34-22961EFA2170,True,False,False
TCGA-38-7271-01Z-00-DX1.EF258BEB-8DEA-483E-823A-1E0B90AAA392,True,False,False
TCGA-38-A44F-01Z-00-DX1.B9958072-D8BB-40DD-B28E-2E83CE2B550B,True,False,False
TCGA-44-2655-01Z-00-DX1.ee255271-780c-461c-ab23-5cd3504b5e4a,True,False,False
TCGA-44-2656-01Z-00-DX1.5f247f31-4bb5-460d-a1f7-7dcdba33c835,True,False,False
TCGA-44-2657-01Z-00-DX1.b7f608bd-2381-40a2-a757-ca4648a7de8a,True,False,False
TCGA-44-2659-01Z-00-DX1.b33f40e6-bc18-48b0-8dad-bdb0a6a200b5,True,False,False
TCGA-44-2661-01Z-00-DX1.20cfa0f8-e3ca-4c26-9dfe-b9d416cd94b1,True,False,False
TCGA-44-2662-01Z-00-DX1.398f3f84-fd48-4454-b789-a3e90cd36d73,True,False,False
TCGA-44-2664-01Z-00-DX1.35c75ae5-eee0-4e69-a13a-31b5fad9869a,True,False,False
TCGA-44-2665-01Z-00-DX1.d429e37e-3915-4da6-b5bc-bf2f09f4fbf7,True,False,False
TCGA-44-2666-01Z-00-DX1.f81a89cf-6033-47ea-9a43-290a5d6a28c1,True,False,False
TCGA-44-2668-01Z-00-DX1.f66fa464-dad1-4a9f-8486-3d7579ca42b6,True,False,False
TCGA-44-3396-01Z-00-DX1.187b0a68-ad51-4fcd-819c-b74a8599dbe9,True,False,False
TCGA-44-3398-01Z-00-DX1.74757c91-a0c6-4e7f-b2db-8748c68ffa44,True,False,False
TCGA-44-3917-01Z-00-DX1.cf5b5b49-de5e-4f2e-90b4-b138f55560a9,True,False,False
TCGA-44-3918-01Z-00-DX1.6da70a8b-6307-423a-9d2d-380c16962855,True,False,False
TCGA-44-3919-01Z-00-DX1.41144972-46a1-4b25-9faa-ed1b9d1996d2,True,False,False
TCGA-44-4112-01Z-00-DX1.5380b3b4-0e24-4c6c-aa8c-298c5fbe068f,True,False,False
TCGA-44-5643-01Z-00-DX1.83fb7631-0ecb-4473-bfb2-c8daa2f87d35,True,False,False
TCGA-44-5644-01Z-00-DX1.7e4edaa7-25c6-49f4-81bc-f50d6c5fac38,True,False,False
TCGA-44-5645-01Z-00-DX1.8b0d89d7-7849-49a6-a2f5-a8faf2c5aab4,True,False,False
TCGA-44-6144-01Z-00-DX1.604b3c7c-92e8-474a-bae8-e48415ea6196,True,False,False
TCGA-44-6145-01Z-00-DX1.175ad655-b054-407d-bb22-3a4f85849488,True,False,False
TCGA-44-6146-01Z-00-DX1.8db8c567-690e-4df3-98a9-f241b6a8d811,True,False,False
TCGA-44-6147-01Z-00-DX1.a34a9f49-e86b-43ee-9e2d-7ef35da0aecf,True,False,False
TCGA-44-6148-01Z-00-DX1.94c29c83-1085-458f-a0c9-3ffa8592cb98,True,False,False
TCGA-44-6774-01Z-00-DX1.f169485b-f863-4be0-9844-258d78170b64,True,False,False
TCGA-44-6775-01Z-00-DX1.38d3bc6d-8bb5-4126-8d61-d39e6a1d7bcf,True,False,False
TCGA-44-6776-01Z-00-DX1.551e200f-5f40-4b95-8b2f-7c6000a21be0,True,False,False
TCGA-44-6777-01Z-00-DX1.aca7b23d-a601-4476-8bfd-eb46f0b6a96e,True,False,False
TCGA-44-6778-01Z-00-DX1.5e932267-cc68-4a8e-a660-fe2cc0c59ff4,True,False,False
TCGA-44-6779-01Z-00-DX1.40f10ad8-55f3-4043-a89b-37d33a26dd8c,True,False,False
TCGA-44-7659-01Z-00-DX1.818bf5b3-b4c1-4d23-a6ae-98d5015eb8c1,True,False,False
TCGA-44-7660-01Z-00-DX1.f96c114b-f0fc-498a-97cc-e262344de357,True,False,False
TCGA-44-7661-01Z-00-DX1.baf72abd-edb9-4f56-beb3-f5138aa50930,True,False,False
TCGA-44-7662-01Z-00-DX1.2f0b6cea-795a-40ad-93a9-319858e6fb3b,True,False,False
TCGA-44-7667-01Z-00-DX1.2be2e379-7368-4fa7-a619-ace84febecb3,True,False,False
TCGA-44-7669-01Z-00-DX1.34d0c9ac-d3dc-4a5e-b99c-a8c1c1e120d1,True,False,False
TCGA-44-7670-01Z-00-DX1.2a981dd6-0063-438e-b20e-b180b16e2b23,True,False,False
TCGA-44-7671-01Z-00-DX1.00297baa-00e7-4894-a7b8-c9ac2a9d42d8,True,False,False
TCGA-44-7672-01Z-00-DX1.71f4a0c6-a9cc-481c-ace8-c8c314952aa1,True,False,False
TCGA-44-8119-01Z-00-DX1.1EBEBFA7-22DB-4365-9DF8-C4E679C11312,True,False,False
TCGA-44-A479-01Z-00-DX1.CA5654C6-A623-452E-A8AC-DB6279CA97B1,True,False,False
TCGA-44-A47A-01Z-00-DX1.62448803-3A7B-41EC-9794-67916DA0792E,True,False,False
TCGA-44-A47B-01Z-00-DX1.177D0531-E037-435B-BFD4-382B2150B10D,True,False,False
TCGA-44-A47F-01Z-00-DX1.C1EC3F2D-33C8-483B-9DDA-2F01B5FED618,True,False,False
TCGA-44-A47G-01Z-00-DX1.810F67EC-3A0C-4056-B736-3331A11412CC,True,False,False
TCGA-44-A4SS-01Z-00-DX1.F3D85B63-D963-42D2-815F-CB9D791A0F7B,True,False,False
TCGA-44-A4SU-01Z-00-DX1.AE2607C1-B208-4557-ADB4-6AAF03C6D3A9,True,False,False
TCGA-49-4487-01Z-00-DX1.3a3a0720-463c-430e-849b-e2f8991bdfa5,True,False,False
TCGA-49-4488-01Z-00-DX1.c9beef33-2d53-4fcb-8293-f083d9fedddc,True,False,False
TCGA-49-4488-01Z-00-DX10.930e7dc2-6073-4bf2-9b70-f17c0b26bdee,True,False,False
TCGA-49-4488-01Z-00-DX2.ce896a98-8b45-4606-8849-3a377b81e3de,True,False,False
TCGA-49-4488-01Z-00-DX3.341ea7ac-ee5f-4ad2-9d01-d81a4d2e9b13,True,False,False
TCGA-49-4488-01Z-00-DX4.17c00349-5908-4944-9dba-5efea9a5373a,True,False,False
TCGA-49-4488-01Z-00-DX5.6380c697-c81b-48c8-863c-ea1cdd097464,True,False,False
TCGA-49-4488-01Z-00-DX6.3ce306b2-1b00-48f7-8288-c24069037a9c,True,False,False
TCGA-49-4488-01Z-00-DX7.a04b36c3-9cfd-4195-92c0-70046cd49d9a,True,False,False
TCGA-49-4488-01Z-00-DX8.b9fb358a-9618-4956-9544-c2ffe2678095,True,False,False
TCGA-49-4488-01Z-00-DX9.bf1e9d28-3ca2-4a62-bf3e-3e735c6a2885,True,False,False
TCGA-49-4490-01Z-00-DX1.bde106d9-1494-4775-b77d-11c86bb09b72,True,False,False
TCGA-49-4490-01Z-00-DX2.1b491bd7-60d2-40a6-96cd-01385bce2b0f,True,False,False
TCGA-49-4490-01Z-00-DX3.0949a10a-0a1f-49dc-9296-ab4d4f0bf988,True,False,False
TCGA-49-4490-01Z-00-DX4.4e94aeb6-f616-4bdd-82bc-2ca2f2b5a5c4,True,False,False
TCGA-49-4490-01Z-00-DX5.feea87ff-61c6-465e-8b36-4803f6af3d62,True,False,False
TCGA-49-4490-01Z-00-DX6.0a04ad8e-7f33-4496-bd9e-0110ec33f887,True,False,False
TCGA-49-4494-01Z-00-DX1.2bf10e85-465a-4b17-abd7-3565f0e538a5,True,False,False
TCGA-49-4494-01Z-00-DX2.cac5ed0a-98c3-4d37-a4f4-9596a061836a,True,False,False
TCGA-49-4494-01Z-00-DX3.e80b4534-4d6e-4d79-962e-017ffee24d67,True,False,False
TCGA-49-4494-01Z-00-DX4.4c6a4560-adee-4fc9-8fd8-feb7f89e51e3,True,False,False
TCGA-49-4494-01Z-00-DX5.1e9e22d6-a4c9-40d1-aedb-b6cd404fe16f,True,False,False
TCGA-49-4494-01Z-00-DX6.3791a027-7ddb-429c-99a5-bb84a4307550,True,False,False
TCGA-49-4494-01Z-00-DX7.9f722476-622e-4374-9fda-ef35184f01e0,True,False,False
TCGA-49-4501-01Z-00-DX1.9c4bf212-5e32-449e-8710-cf7a3594156e,True,False,False
TCGA-49-4501-01Z-00-DX2.07b7723d-136b-490c-9dd3-7f3aef78d3d9,True,False,False
TCGA-49-4501-01Z-00-DX3.b6c2cc84-1c94-4816-92e7-8cf4446ac9ac,True,False,False
TCGA-49-4505-01Z-00-DX1.d49d603e-1f76-43a1-a803-9f2d6a6df715,True,False,False
TCGA-49-4505-01Z-00-DX2.48df81e7-5a8e-4c5b-993a-6a54481a35e9,True,False,False
TCGA-49-4505-01Z-00-DX3.d3f8d0c4-e4bc-4201-9b2f-e010f51dd8c3,True,False,False
TCGA-49-4505-01Z-00-DX4.623c4278-fc3e-4c80-bb4d-000e24fbb1c2,True,False,False
TCGA-49-4506-01Z-00-DX1.b13b8ef2-fd06-4309-a767-696a9afeaedd,True,False,False
TCGA-49-4506-01Z-00-DX2.81e180ae-bd9f-49cc-9a0f-297800cc7280,True,False,False
TCGA-49-4506-01Z-00-DX3.a05a3969-bbef-48d8-86de-f51c8870afd6,True,False,False
TCGA-49-4506-01Z-00-DX4.9460a2c1-efe2-4095-9b0e-dfe0eda684ba,True,False,False
TCGA-49-4507-01Z-00-DX1.1df4e286-ea89-4c38-ad53-a26e5b7b0402,True,False,False
TCGA-49-4507-01Z-00-DX2.a7bfbeee-00ea-4301-ace4-ce591807e2d3,True,False,False
TCGA-49-4510-01Z-00-DX1.0b7c713f-6f72-42c3-967d-7e19a280e761,True,False,False
TCGA-49-4510-01Z-00-DX2.e0552b15-6bd7-4660-8a60-9edd0d638e7e,True,False,False
TCGA-49-4512-01Z-00-DX1.ced0bda8-f2d6-4bcb-b2d6-b122846a3079,True,False,False
TCGA-49-4512-01Z-00-DX2.341d7ff7-15e1-44f1-8818-b117fe98ca99,True,False,False
TCGA-49-4512-01Z-00-DX3.2f6ec7bc-0dac-4be0-95fe-4071a93a856f,True,False,False
TCGA-49-4512-01Z-00-DX4.5161fcf5-62a3-4f7d-8a55-9a24a7d70efb,True,False,False
TCGA-49-4512-01Z-00-DX5.7198ce36-1fae-4da1-9f26-b7f43cf01133,True,False,False
TCGA-49-4512-01Z-00-DX6.985c9088-ff83-4f13-8a95-cb55aa48682b,True,False,False
TCGA-49-4512-01Z-00-DX7.1f758560-85e2-4cf9-a81a-317536d96bcc,True,False,False
TCGA-49-4512-01Z-00-DX8.c54237a3-93f4-432f-90f1-b930b7341741,True,False,False
TCGA-49-4514-01Z-00-DX1.9c304807-2a0c-44f7-97cc-fbd30f2c740f,True,False,False
TCGA-49-4514-01Z-00-DX2.f1565a36-257d-432e-a84d-47c1d7a0185f,True,False,False
TCGA-49-4514-01Z-00-DX3.3b247c08-3069-4100-9df4-734895adb954,True,False,False
TCGA-49-4514-01Z-00-DX4.79e9e14e-72ea-4e9f-9719-d1a791cf0b43,True,False,False
TCGA-49-6742-01Z-00-DX1.23e8883f-0ecc-4359-a8b5-75d49f43a08b,True,False,False
TCGA-49-6742-01Z-00-DX2.2c6b4df0-867d-40c5-8bee-14e2d219224b,True,False,False
TCGA-49-6742-01Z-00-DX3.789aa445-e63f-4e6e-900a-0f47f44af6b7,True,False,False
TCGA-49-6742-01Z-00-DX4.a11201e1-9eeb-40ea-9c88-28de847ef7d8,True,False,False
TCGA-49-6742-01Z-00-DX5.74539ee6-0ac6-4663-89f1-c6a74a59a4cb,True,False,False
TCGA-49-6743-01Z-00-DX1.ddae5601-6ffa-4a70-8755-8645d5e45135,True,False,False
TCGA-49-6743-01Z-00-DX2.f6b71e89-19ff-4d9b-a3f1-3a52949f1dc7,True,False,False
TCGA-49-6743-01Z-00-DX3.d391f3ab-e954-4f4f-996d-cd0420933ccf,True,False,False
TCGA-49-6743-01Z-00-DX4.5ea81023-1372-48ed-88a8-374e2394d7f7,True,False,False
TCGA-49-6744-01Z-00-DX1.40f8f751-b756-4576-b1ee-8dd2e8f89ff7,True,False,False
TCGA-49-6744-01Z-00-DX2.1982e585-65a4-4330-9140-ccabcdd106f8,True,False,False
TCGA-49-6744-01Z-00-DX3.fa64d744-6caa-4f62-8689-33da9c312838,True,False,False
TCGA-49-6744-01Z-00-DX4.a3d7995d-399f-4c53-aab8-adc4ea4dbfa8,True,False,False
TCGA-49-6745-01Z-00-DX1.6bf8a38c-5e3a-4b32-8870-03bc06c0db80,True,False,False
TCGA-49-6745-01Z-00-DX2.3b8e947b-885e-486f-9edc-f2b247bdf95b,True,False,False
TCGA-49-6745-01Z-00-DX3.40cd3c60-889c-4eaa-be55-36ab5d8b2400,True,False,False
TCGA-49-6745-01Z-00-DX4.48b4bbb5-4214-4bfb-91e8-bddfa2f03c92,True,False,False
TCGA-49-6745-01Z-00-DX5.9521a16f-d6a7-460c-b75c-7341d72ce727,True,False,False
TCGA-49-6745-01Z-00-DX6.3174fffa-c17c-44d1-8d21-1921a9ec1bee,True,False,False
TCGA-49-6745-01Z-00-DX7.4bdde497-03d9-4e15-a00e-595baa3947b5,True,False,False
TCGA-49-6761-01Z-00-DX1.10c577a2-f65c-4517-8a25-83d44e380f8f,True,False,False
TCGA-49-6767-01Z-00-DX1.53459c0e-b8ec-4893-9910-87b63c503134,True,False,False
TCGA-49-AAQV-01Z-00-DX1.4CC37621-C952-4684-96E3-9B97CDAD8056,True,False,False
TCGA-49-AAR0-01Z-00-DX1.1635383C-0FB3-4CF9-BABC-08AC19CCE501,True,False,False
TCGA-49-AAR2-01Z-00-DX1.1F09F896-446E-4C55-8D01-6C34A98AB1D2,True,False,False
TCGA-49-AAR3-01Z-00-DX1.B4D85F13-CEB4-46DA-BF39-0200B9E55835,True,False,False
TCGA-49-AAR4-01Z-00-DX1.EDB32358-AF23-4F81-A99F-15574A2DE28E,True,False,False
TCGA-49-AAR9-01Z-00-DX1.B6A9966E-89B8-404B-8ABC-1F8F8553D4DA,True,False,False
TCGA-49-AARE-01Z-00-DX1.3559B3A9-6699-472F-B731-1BD9F93EE82A,True,False,False
TCGA-49-AARN-01Z-00-DX1.E13AA041-978E-427D-AFA5-D3180224A03A,True,False,False
TCGA-49-AARO-01Z-00-DX1.FB8C82DC-F823-43CF-A8EA-1208C767AF54,True,False,False
TCGA-49-AARQ-01Z-00-DX1.3FA36419-1658-4602-9170-84A622787C3E,True,False,False
TCGA-49-AARR-01Z-00-DX1.9BCAFE3D-447C-40D6-85DD-AFABF6978376,True,False,False
TCGA-4B-A93V-01Z-00-DX1.C263DC1C-298D-47ED-AAF8-128043828530,True,False,False
TCGA-50-5044-01Z-00-DX1.7E0E651F-411B-4784-B0FA-6EB612527430,True,False,False
TCGA-50-5045-01Z-00-DX1.ec50bbfc-1721-4e94-ac11-9ebd843e11ba,True,False,False
TCGA-50-5045-01Z-00-DX2.0FCA12EA-572E-4A7D-900D-6E200892170E,True,False,False
TCGA-50-5055-01Z-00-DX1.0c9d846b-89b4-4b18-a2eb-0f8d8e0a33c7,True,False,False
TCGA-50-5055-01Z-00-DX2.446EC3BB-2ED7-4253-8A39-AC68331F08E7,True,False,False
TCGA-50-5066-01Z-00-DX1.e161df31-84a4-40a4-a6a2-748b60820f77,True,False,False
TCGA-50-5066-02Z-00-DX1.A2CA045A-7956-4E04-9EC9-5856FC789110,True,False,False
TCGA-50-5068-01Z-00-DX1.13f1c31e-4d4c-4562-8447-c5bbfbf670a9,True,False,False
TCGA-50-5068-01Z-00-DX2.0492A5C6-09CB-424B-BE20-10A1CBEA2E57,True,False,False
TCGA-50-5931-01Z-00-DX1.34261ED6-7815-487C-A50C-2DAD587187B9,True,False,False
TCGA-50-5939-01Z-00-DX1.745D7503-0744-46B1-BC89-EBB8FCE2D55C,True,False,False
TCGA-50-5942-01Z-00-DX1.da1b1274-8740-4c79-adf9-25800913eafa,True,False,False
TCGA-50-5946-01Z-00-DX1.5076CACA-E3C0-4114-BA69-5B4896FF0C4B,True,False,False
TCGA-50-6590-01Z-00-DX1.B08B2656-3DC7-4D35-A54D-9C57A7A773B3,True,False,False
TCGA-50-6591-01Z-00-DX1.12e1050b-75e9-4059-b945-291995b3e93c,True,False,False
TCGA-50-6593-01Z-00-DX1.a63e298c-cbe7-44e8-8d8e-34ebb93530ca,True,False,False
TCGA-50-6594-01Z-00-DX1.43b2005a-4245-4025-ad85-4a957f308a5c,True,False,False
TCGA-50-6597-01Z-00-DX1.ec7fc0b2-78a1-4384-bddd-e89f02ee5eb6,True,False,False
TCGA-50-6673-01Z-00-DX1.e24fb432-3fff-4f00-a316-16d05275c1e7,True,False,False
TCGA-50-7109-01Z-00-DX1.08f6420c-baa2-4e79-908e-ebbdeec503a6,True,False,False
TCGA-50-8457-01Z-00-DX1.F4B6ECCE-F22B-43FC-9A08-4366A24A67A4,True,False,False
TCGA-50-8459-01Z-00-DX1.24D876E7-5265-4C5D-A215-0BAE5450EEF3,True,False,False
TCGA-18-3406-01Z-00-DX1.8D07F006-425C-4724-BBB3-5BA099401234,True,False,False
TCGA-18-3407-01Z-00-DX1.E7DDA7E3-45A2-4E06-A081-E6A81A672155,True,False,False
TCGA-18-3408-01Z-00-DX1.B4AFC08A-7460-4EE6-B033-629C6A6CA6E8,True,False,False
TCGA-18-3409-01Z-00-DX1.3E32CC78-B066-4F85-A781-EDAF39DE0704,True,False,False
TCGA-18-3410-01Z-00-DX1.DB186D75-4AEE-4E1B-83D5-5A1970F03581,True,False,False
TCGA-18-3411-01Z-00-DX1.D9228674-5B13-44CB-A7AE-C64FD97A3BBB,True,False,False
TCGA-18-3412-01Z-00-DX1.699A17A5-356B-42F8-815A-5DBD60293242,True,False,False
TCGA-18-3414-01Z-00-DX1.B76AF657-7A93-4F33-BC1A-2E8BF652FC17,True,False,False
TCGA-18-3415-01Z-00-DX1.8C62F2CD-4A2F-4D1E-A662-D7D5AFE557AB,True,False,False
TCGA-18-3416-01Z-00-DX1.EDAD3DEB-8A86-4F34-82EC-6691BFDE900D,True,False,False
TCGA-18-3417-01Z-00-DX1.B424DA03-9007-4FD0-9A92-BCB40319711C,True,False,False
TCGA-18-3419-01Z-00-DX1.69597BCF-2D4E-4D9B-B4E8-C03137445AF4,True,False,False
TCGA-18-3421-01Z-00-DX1.3777597A-8B36-48A9-B950-C8233392A6D5,True,False,False
TCGA-18-4083-01Z-00-DX1.337D4583-326F-4108-9441-DC74FAED6AE2,True,False,False
TCGA-18-4086-01Z-00-DX1.1D06B771-F978-4763-8D4E-7B540E02C55A,True,False,False
TCGA-18-4721-01Z-00-DX1.C4952E79-071A-49C5-8E28-474442832D4E,True,False,False
TCGA-18-5592-01Z-00-DX1.41BD6380-A3A0-4ED1-8752-42BBC3B4680C,True,False,False
TCGA-18-5595-01Z-00-DX1.75235488-2F6F-42CE-8D7D-0E9A360E1C61,True,False,False
TCGA-22-0940-01Z-00-DX1.775CB101-6A55-40DD-B19F-7BFCA7820F5F,True,False,False
TCGA-22-0944-01Z-00-DX1.3DC7624F-2D59-40D5-9E1F-95FCCD80D0C4,True,False,False
TCGA-22-1000-01Z-00-DX1.D2ACF3D3-6187-49A1-ABBC-8D8E611EEE55,True,False,False
TCGA-22-1002-01Z-00-DX1.A41CF987-B2E7-4ADE-8580-735631EEE963,True,False,False
TCGA-22-1005-01Z-00-DX1.4A151CC3-E57F-4345-817A-2B9DBAF98477,True,False,False
TCGA-22-1011-01Z-00-DX1.A67E3D3F-4B94-4335-8199-03B7CB75608E,True,False,False
TCGA-22-1012-01Z-00-DX1.053F81FA-F91A-42B0-8F12-CD2495FA9E99,True,False,False
TCGA-22-1016-01Z-00-DX1.807510FD-222D-4E65-B261-3EB0815F8A50,True,False,False
TCGA-22-1017-01Z-00-DX1.9562FE79-A261-42D3-B394-F3E0E2FF7DDA,True,False,False
TCGA-22-4591-01Z-00-DX1.8C89ABEB-A1E3-47D1-B247-02539EF3F959,True,False,False
TCGA-22-4593-01Z-00-DX1.B573D1D5-88CE-4989-8A18-F9545E8ACA82,True,False,False
TCGA-22-4594-01Z-00-DX1.3FCEBC89-8473-4841-87A2-F84AF58A7793,True,False,False
TCGA-22-4595-01Z-00-DX1.42F28D1E-7AC2-4113-B4EC-F1E7850EA14D,True,False,False
TCGA-22-4596-01Z-00-DX1.0B754257-5EBB-4ABF-A847-7EFA71C7D9E7,True,False,False
TCGA-22-4599-01Z-00-DX1.2178D5C0-A444-44F5-B878-F5D1FB2943C9,True,False,False
TCGA-22-4601-01Z-00-DX1.2EABA7B1-1E31-4AFE-B97B-D40EEAD66D85,True,False,False
TCGA-22-4604-01Z-00-DX1.C398D192-8564-42AB-89B8-461F0830D8A1,True,False,False
TCGA-22-4605-01Z-00-DX1.5B725941-80CE-497B-8A1E-856D16DD2870,True,False,False
TCGA-22-4607-01Z-00-DX1.5C521672-8405-43A2-ACB5-16174A74BCB7,True,False,False
TCGA-22-4609-01Z-00-DX1.35112DF6-5AD4-4EF5-8D00-41AEED41C246,True,False,False
TCGA-22-4613-01Z-00-DX1.4BC3B7B8-99E7-4744-8F5A-089ECCDE144E,True,False,False
TCGA-22-5471-01Z-00-DX1.AACEB098-E9B8-4A2B-905E-7D66BE962922,True,False,False
TCGA-22-5472-01Z-00-DX1.1E2A1D5E-C7D3-449E-910F-1199A396804C,True,False,False
TCGA-22-5473-01Z-00-DX1.C452FE31-443B-43AE-A5FA-451DF0127F8F,True,False,False
TCGA-22-5474-01Z-00-DX1.8736FB24-7E65-4ACB-9325-382D7F864F62,True,False,False
TCGA-22-5477-01Z-00-DX1.D4CA03F8-FFA8-4926-B93C-EBFDC6791B1F,True,False,False
TCGA-22-5478-01Z-00-DX1.6368788A-96D5-499B-A199-89BF1413AE43,True,False,False
TCGA-22-5479-01Z-00-DX1.3DCD4654-459D-4046-87C3-E59C61A1E7FA,True,False,False
TCGA-22-5480-01Z-00-DX1.A6E25FF1-9616-4F5F-97BD-BA1912C46008,True,False,False
TCGA-22-5481-01Z-00-DX1.6BB77BD0-92FF-43FF-A86C-9EF41B2921DA,True,False,False
TCGA-22-5482-01Z-00-DX1.901F90D4-1F4E-4344-925B-37B7DD78B751,True,False,False
TCGA-22-5483-01Z-00-DX1.79EF4B70-4703-4FF1-81CA-20014A932437,True,False,False
TCGA-22-5485-01Z-00-DX1.952DBCF0-08DA-49BD-B020-DEC1A77A1D81,True,False,False
TCGA-22-5489-01Z-00-DX1.0518AF53-5642-40FB-A631-4C50D7707C8F,True,False,False
TCGA-22-5491-01Z-00-DX1.19908BEC-3DDA-4BCD-9EB1-0D2C4A1E5110,True,False,False
TCGA-22-5492-01Z-00-DX1.A17DE349-CD76-4B12-9C5C-DB8DFB23C003,True,False,False
TCGA-22-A5C4-01Z-00-DX1.54058689-5CA5-4F92-B18A-86208C24C87D,True,False,False
TCGA-34-2596-01Z-00-DX1.be778d17-d06c-4300-aaf1-c0acbef8fa41,True,False,False
TCGA-34-2600-01Z-00-DX1.CDCAAE91-3056-4952-B988-00F3722B520B,True,False,False
TCGA-34-2604-01Z-00-DX1.C04E4FF6-6E62-432D-AD1E-D0AACAA66875,True,False,False
TCGA-34-2605-01Z-00-DX1.4DC249E9-26AD-4C0A-918C-3BC6C2DACDD0,True,False,False
TCGA-34-5232-01Z-00-DX1.7483c36b-8473-439b-a726-2821ec834fc2,True,False,False
TCGA-34-5240-01Z-00-DX1.03785f14-494a-4898-9ae0-59e64250c33b,True,False,False
TCGA-34-5241-01Z-00-DX1.7abc4737-9a9c-4270-8297-58ea167cea63,True,False,False
TCGA-34-5928-01Z-00-DX1.d336efc9-3ebb-4457-a81b-1e448781f999,True,False,False
TCGA-34-5929-01Z-00-DX1.a461aed7-0ba9-44dc-8f5b-941cb57aa855,True,False,False
TCGA-34-7107-01Z-00-DX1.c72202e6-740d-4891-945c-f360f7c56bc9,True,False,False
TCGA-34-8454-01Z-00-DX1.A2308ED3-E430-4448-853F-B51412354279,True,False,False
TCGA-34-8455-01Z-00-DX1.9B7A1CBA-0B53-4F2A-9AEC-D72FDB6553F7,True,False,False
TCGA-34-A5IX-01Z-00-DX1.E10EE7FC-91EA-4A39-8B1B-1312C8D9620B,True,False,False
TCGA-37-3783-01Z-00-DX1.08a2c536-e48d-416c-bcad-9db7b2c04c1a,True,False,False
TCGA-37-3789-01Z-00-DX1.d7a4923e-988e-45e9-a64e-30c983740614,True,False,False
TCGA-37-3792-01Z-00-DX1.d95a9f5f-5bad-48fc-9f90-ed2580328b80,True,False,False
TCGA-37-4129-01Z-00-DX1.0b52aa1e-20d4-4084-8fa1-2f1b7f09dd5b,True,False,False
TCGA-37-4130-01Z-00-DX1.37ccfdfe-fc20-4809-8dc7-e342242d0bfa,True,False,False
TCGA-37-4132-01Z-00-DX1.5e5a564d-6561-48e7-a3a2-81a523392d8b,True,False,False
TCGA-37-4133-01Z-00-DX1.3dfcb0df-6f4b-4df7-9d04-085b36e03024,True,False,False
TCGA-37-4135-01Z-00-DX1.3f193ee1-530c-4f37-a669-56af75bba8db,True,False,False
TCGA-37-4141-01Z-00-DX1.65256656-b0e0-4705-ad00-38f6c8922cfc,True,False,False
TCGA-37-5819-01Z-00-DX1.3647F836-7BB4-4D41-A85E-CFC0B5CBA216,True,False,False
TCGA-37-A5EL-01Z-00-DX1.DFD49A5B-27F6-407E-8ADA-54EDACAA0788,True,False,False
TCGA-37-A5EM-01Z-00-DX1.FF7B9A1C-9D2C-43E4-9AE9-711214ACF77D,True,False,False
TCGA-37-A5EN-01Z-00-DX1.C389C26A-2B88-4DCA-9B32-FEECDFFC35A6,True,False,False
TCGA-39-5011-01Z-00-DX1.be58f65a-0b90-4ba4-bc5f-df74d4a3df22,True,False,False
TCGA-39-5016-01Z-00-DX1.b568cdcd-f8bf-4917-ae40-dbd505c36d1e,True,False,False
TCGA-39-5019-01Z-00-DX1.FE0485DE-AEB3-443F-AFCA-C186C336F7EC,True,False,False
TCGA-39-5021-01Z-00-DX1.4d22d3ca-cb06-43d0-aba7-583f1d706105,True,False,False
TCGA-39-5022-01Z-00-DX1.1bf6a4da-0b59-4478-bcf1-b004f0356342,True,False,False
TCGA-39-5024-01Z-00-DX1.b159135e-c9d5-4768-83a6-1de9961d20ad,True,False,False
TCGA-39-5027-01Z-00-DX1.54a3e035-7178-4786-870b-1f6adfb82331,True,False,False
TCGA-39-5028-01Z-00-DX1.7994ec22-746d-4c30-8138-e6c9bc67c71f,True,False,False
TCGA-39-5029-01Z-00-DX1.74c5cb38-650e-4fe7-bc63-f6e88761346d,True,False,False
TCGA-39-5030-01Z-00-DX1.09d96fb6-9a19-40ae-967e-49f378340f9b,True,False,False
TCGA-39-5031-01Z-00-DX1.f9264b3b-9fdf-4fb7-8752-2d3ffd3de3ea,True,False,False
TCGA-39-5034-01Z-00-DX1.fb4191aa-07dc-4615-ac71-b9e4c67ed28b,True,False,False
TCGA-39-5035-01Z-00-DX1.ad5d9143-f194-4cef-9a13-03190cf97ccf,True,False,False
TCGA-39-5036-01Z-00-DX1.5a601fbd-a711-478e-a471-2046d2b63f7c,True,False,False
TCGA-39-5037-01Z-00-DX1.02636c3e-c843-4741-8fbf-406957fe9d87,True,False,False
TCGA-39-5039-01Z-00-DX1.29f1281d-93d7-4499-bfce-19eeeb1870a4,True,False,False
TCGA-39-5040-01Z-00-DX1.F314DFF3-AEBE-4171-8F04-5D2A61FDE208,True,False,False
TCGA-46-3765-01Z-00-DX1.f45e4e30-e60c-40e5-a0b7-4513c0c37fda,True,False,False
TCGA-46-3766-01Z-00-DX1.5870b2ed-78f0-4f68-b01e-2ef6d5353b57,True,False,False
TCGA-46-3767-01Z-00-DX1.1f1899f9-7d6e-438c-b7ac-701ea088734d,True,False,False
TCGA-46-3768-01Z-00-DX1.226f6cbc-f1f4-4df8-8366-c94fd78e037b,True,False,False
TCGA-46-3769-01Z-00-DX1.97260244-fe08-42da-b5db-80da7f7d8766,True,False,False
TCGA-46-6025-01Z-00-DX1.05600f09-0b48-448c-b305-cb881970fc52,True,False,False
TCGA-46-6026-01Z-00-DX1.e0248ea6-ae04-4960-95a8-f39b8e168a38,True,False,False
TCGA-51-4079-01Z-00-DX1.111f7796-3797-4334-b543-918e374dbc22,True,False,False
TCGA-51-4080-01Z-00-DX1.fd660ce3-3e30-4907-b54a-81002ec071f2,True,False,False
TCGA-51-4081-01Z-00-DX1.5971d87d-5181-4c7a-91ea-2dfad1bc5fca,True,False,False
TCGA-51-6867-01Z-00-DX1.5f3a0562-efbe-413f-8e13-9826aaefa298,True,False,False
TCGA-NJ-A4YF-01Z-00-DX1.4A3DE76A-9F1E-4766-A013-5E7E3A665071,False,True,False
TCGA-NJ-A4YG-01Z-00-DX1.507BAE41-5EE9-4657-AAD1-AD456750BA2F,False,True,False
TCGA-NJ-A4YI-01Z-00-DX1.C4111D01-27BF-486F-8E0E-C8053DB16133,False,True,False
TCGA-NJ-A4YP-01Z-00-DX1.148BFF66-4DC7-468C-8783-97F27C2E1245,False,True,False
TCGA-NJ-A4YQ-01Z-00-DX1.56C29975-77E9-4822-A9E1-83AD70D6C5F7,False,True,False
TCGA-NJ-A55A-01Z-00-DX1.42C356FE-52A3-4A60-886B-75F84ADBC534,False,True,False
TCGA-NJ-A55O-01Z-00-DX1.8E23C821-B8BB-4D89-9E38-E97424A685CE,False,True,False
TCGA-NJ-A55R-01Z-00-DX1.2E2B3642-4E1C-47DB-AF7B-988D586C0986,False,True,False
TCGA-NJ-A7XG-01Z-00-DX1.4A876254-653C-410B-A36C-55FC41C1DD93,False,True,False
TCGA-78-7145-01Z-00-DX1.ecde66bf-2de8-4e31-b3ab-4fed4f055dda,False,True,False
TCGA-78-7146-01Z-00-DX1.830209b2-94c5-4277-a7b6-b2f2634de0dc,False,True,False
TCGA-78-7147-01Z-00-DX1.a9fd2c5d-b8f3-4524-bd64-6c3362ce373b,False,True,False
TCGA-78-7148-01Z-00-DX1.aac94f79-77f2-45e6-b0c3-0b103fecbb22,False,True,False
TCGA-78-7149-01Z-00-DX1.1b83dbcb-0c9f-4e50-bb98-bf9a157052cf,False,True,False
TCGA-78-7150-01Z-00-DX1.46e6e65c-521c-49de-b106-419dc840b235,False,True,False
TCGA-78-7152-01Z-00-DX1.a04f9d84-3304-402c-9c0c-f64545c14781,False,True,False
TCGA-78-7153-01Z-00-DX1.5190321a-f1aa-4c6e-b4b9-6767b779682b,False,True,False
TCGA-78-7154-01Z-00-DX1.596c20c2-e811-4b5e-961c-98343afcccde,False,True,False
TCGA-78-7155-01Z-00-DX1.32258467-7550-4a1b-8df9-a869fb83e559,False,True,False
TCGA-78-7156-01Z-00-DX1.9f7c8eb9-73de-49be-a487-e1fd4411b7b5,False,True,False
TCGA-78-7158-01Z-00-DX1.74db3dcd-2715-4ce7-8e48-30c8b7946ba0,False,True,False
TCGA-78-7159-01Z-00-DX1.399d865f-f4f9-4602-b15b-908be0afe459,False,True,False
TCGA-78-7160-01Z-00-DX1.f40f6c04-74b1-4cef-aabc-cbafadbdf39f,False,True,False
TCGA-78-7161-01Z-00-DX1.646cf15a-5961-4728-b9fe-fe3fff11831f,False,True,False
TCGA-78-7163-01Z-00-DX1.42880bdf-271d-41dd-aada-e7ec1156ff31,False,True,False
TCGA-78-7166-01Z-00-DX1.d19ad2d9-b006-4a13-ba54-2fec234c2373,False,True,False
TCGA-78-7167-01Z-00-DX1.f79e1a9b-a3eb-4c91-a1fd-7bb58b1620b1,False,True,False
TCGA-78-7220-01Z-00-DX1.3df84ce0-4395-4c9e-ba62-76b55676a440,False,True,False
TCGA-78-7535-01Z-00-DX1.c4ca06f3-22d1-4e39-85c8-98d1fa2b0e60,False,True,False
TCGA-78-7536-01Z-00-DX1.6b066140-8b82-40a5-bd48-430eeb4463fe,False,True,False
TCGA-78-7537-01Z-00-DX1.e5597e41-ebba-4d6f-8a1f-15cd81d8f026,False,True,False
TCGA-78-7539-01Z-00-DX1.b838d859-2fb7-48d1-a442-d366ac404099,False,True,False
TCGA-78-7540-01Z-00-DX1.25c29857-0d5f-4e52-be0c-32c6686b653f,False,True,False
TCGA-78-7542-01Z-00-DX1.2ee042a6-11ee-4668-b254-44144fca4234,False,True,False
TCGA-78-7633-01Z-00-DX1.f0cd4825-eb92-4098-954a-fbb1e4851660,False,True,False
TCGA-78-8640-01Z-00-DX1.6F929E56-34D5-45A6-8A9E-ACB4B88A68B1,False,True,False
TCGA-78-8648-01Z-00-DX1.D3EAEF8E-E739-490F-BF48-A4796B0C0E7A,False,True,False
TCGA-78-8655-01Z-00-DX1.DC81D146-A4A6-411E-A5DC-C0689A8D445F,False,True,False
TCGA-78-8660-01Z-00-DX1.11E923ED-C01B-439D-8796-08C9E3DC2D93,False,True,False
TCGA-78-8662-01Z-00-DX1.754A4C57-B5FA-4077-99E4-F6EFA6459410,False,True,False
TCGA-86-6562-01Z-00-DX1.5dea3015-e606-4837-9f99-ac14f0aa091b,False,True,False
TCGA-86-6851-01Z-00-DX1.0b13e600-fd7b-44a2-9ec2-26e9938fb7bc,False,True,False
TCGA-86-7701-01Z-00-DX1.a8a6e71e-9fa9-42c6-a186-0ac7526e9960,False,True,False
TCGA-86-7711-01Z-00-DX1.f64dd9d8-b9ca-4d1f-9783-d1042979132d,False,True,False
TCGA-86-7713-01Z-00-DX1.23f9e213-b566-47bb-beb8-7d12b2f0508b,False,True,False
TCGA-86-7714-01Z-00-DX1.8ee03c3b-013e-4dd5-aa0e-9c1a771cbdc5,False,True,False
TCGA-86-7953-01Z-00-DX1.847865ce-df59-4677-bac2-ee88a258fe4e,False,True,False
TCGA-86-7954-01Z-00-DX1.0a063ee6-18b7-4b66-9726-04fb452156cb,False,True,False
TCGA-86-7955-01Z-00-DX1.ef4f4d94-5efb-4a07-97cf-b0ed69085827,False,True,False
TCGA-86-8054-01Z-00-DX1.2c4c08f6-be1c-46d1-a719-5983cade0c54,False,True,False
TCGA-86-8055-01Z-00-DX1.546dc42e-3742-4da5-8f9b-80732180ce76,False,True,False
TCGA-86-8056-01Z-00-DX1.eee7e03a-842c-4a44-bff8-f7b906725605,False,True,False
TCGA-86-8073-01Z-00-DX1.33c016fc-5c9e-4ad6-8de2-a7f8521d205c,False,True,False
TCGA-86-8074-01Z-00-DX1.0c34b434-8701-4060-a4ea-08a72371ee1e,False,True,False
TCGA-86-8075-01Z-00-DX1.171bd8bd-af24-4770-b24b-732e675efd75,False,True,False
TCGA-86-8076-01Z-00-DX1.e7378b2f-e20e-4d2f-a86c-3a8ead08a385,False,True,False
TCGA-86-8278-01Z-00-DX1.6500afef-f0f0-4e7c-a6c0-60da81993641,False,True,False
TCGA-86-8279-01Z-00-DX1.fd12b60e-d181-454b-a655-298a973a849d,False,True,False
TCGA-86-8280-01Z-00-DX1.52627b97-1cfa-4382-819b-949b58c0f995,False,True,False
TCGA-86-8281-01Z-00-DX1.02237263-003b-4de1-8a2f-0f3ad14768c7,False,True,False
TCGA-86-8358-01Z-00-DX1.C50100F8-9414-4A06-BEDF-93E7B01B24D6,False,True,False
TCGA-86-8359-01Z-00-DX1.11B8FDC3-4B84-4A22-B89D-46EA76345F13,False,True,False
TCGA-86-8585-01Z-00-DX1.bc0b1c69-f71d-46fc-8195-2d205002e6e5,False,True,False
TCGA-86-8668-01Z-00-DX1.d720d486-02c7-4f98-8feb-e0e50a12c158,False,True,False
TCGA-86-8669-01Z-00-DX1.845b8b4e-6445-4da1-8275-42b765c024cc,False,True,False
TCGA-86-8671-01Z-00-DX1.1fd0019c-df9d-48cc-9055-8de57759f273,False,True,False
TCGA-86-8672-01Z-00-DX1.94ca1954-921d-4ef6-a078-4e0fcb09157f,False,True,False
TCGA-86-8673-01Z-00-DX1.21191041-c10e-4166-ad00-1243656feaa7,False,True,False
TCGA-86-8674-01Z-00-DX1.9fcaae4e-4062-45ab-a49d-7dba43040919,False,True,False
TCGA-86-A456-01Z-00-DX1.5C7CBF9B-0AE3-4776-9434-296AA0C605CC,False,True,False
TCGA-86-A4D0-01Z-00-DX1.165461AD-A8DA-4B7B-87CE-F5DBDBD2C0A7,False,True,False
TCGA-86-A4JF-01Z-00-DX1.22828B15-D68E-4300-A3A8-FBC11B319BC5,False,True,False
TCGA-86-A4P7-01Z-00-DX1.37026DCF-5A81-4098-B444-C8A40CA168D0,False,True,False
TCGA-86-A4P8-01Z-00-DX1.D65E8855-F7A1-4584-A501-BBFBC61C2DEB,False,True,False
TCGA-90-7964-01Z-00-DX1.25D2CC5D-2383-41FE-B5D5-0ACFC0F8209B,False,True,False
TCGA-90-A4ED-01Z-00-DX1.4F9CF7EC-D7CC-4AF6-A9C2-6BA7A02A9F84,False,True,False
TCGA-90-A4EE-01Z-00-DX1.3FC7A945-7D20-4A50-9D9E-436924F1A103,False,True,False
TCGA-90-A59Q-01Z-00-DX1.9F4ABA20-E9F7-4524-874E-E8C42D84AFFE,False,True,False
TCGA-33-4532-01Z-00-DX1.32ab8c26-7cdc-4e55-8c70-5a35d83f81a2,False,True,False
TCGA-33-4532-01Z-00-DX2.cd6e3f47-14fd-46e4-baf8-2e682ade44d1,False,True,False
TCGA-33-4532-01Z-00-DX3.a9eb5d3f-e5e4-45e0-8fca-3e50396445eb,False,True,False
TCGA-33-4533-01Z-00-DX1.ee36717d-0571-40b3-8ab5-5465d2cca920,False,True,False
TCGA-33-4533-01Z-00-DX2.2dad01a3-daa7-45d9-8c74-97ea5e707524,False,True,False
TCGA-33-4533-01Z-00-DX3.5d3d54fc-2bee-4a9e-b9cd-d3ed84b55ef0,False,True,False
TCGA-33-4533-01Z-00-DX4.b7cd127e-4d9c-45dc-bd5e-e95343819e4c,False,True,False
TCGA-33-4533-01Z-00-DX5.b26513d1-9454-4332-b7d4-126ea4ff6b7a,False,True,False
TCGA-33-4538-01Z-00-DX1.efde88cb-4766-4fb6-bed9-52b14059c7c1,False,True,False
TCGA-33-4538-01Z-00-DX2.62dcecc8-576b-406b-81db-1651e5ea589e,False,True,False
TCGA-33-4538-01Z-00-DX3.27b62beb-d3c4-493b-8663-73f128c0ad77,False,True,False
TCGA-33-4538-01Z-00-DX4.038eb76c-beff-46f0-b0bb-b5c951305b52,False,True,False
TCGA-33-4538-01Z-00-DX5.19d6ae2f-feaa-4c38-9335-6bb549631f94,False,True,False
TCGA-33-4538-01Z-00-DX6.4eef2215-0a0e-478d-81be-207d566e8788,False,True,False
TCGA-33-4538-01Z-00-DX7.4a9f5939-4299-4648-8f62-2a0909e8d3bd,False,True,False
TCGA-33-4538-01Z-00-DX8.ec0d10ef-ec0e-4ad2-81fb-907754694e42,False,True,False
TCGA-33-4538-01Z-00-DX9.f05eb71e-b511-4326-9097-5ca191f0100e,False,True,False
TCGA-33-4547-01Z-00-DX1.7009df06-03f9-497a-b7bd-f8ef4244d152,False,True,False
TCGA-33-4547-01Z-00-DX2.a864126e-e46c-4ce4-a3d5-792f35ccaa80,False,True,False
TCGA-33-4547-01Z-00-DX3.9f19ec7f-6469-463a-a027-124c3fe5a06c,False,True,False
TCGA-33-4547-01Z-00-DX4.a340ca7a-a732-482c-8df6-bcdcf14890cd,False,True,False
TCGA-33-4547-01Z-00-DX5.0430003c-aa9c-4d8f-89fd-72fa63207740,False,True,False
TCGA-33-4547-01Z-00-DX6.2bcc33c0-31f2-4354-b954-64bd646f40df,False,True,False
TCGA-33-4547-01Z-00-DX7.91be6f90-d9ab-4345-a3bd-91805d9761b9,False,True,False
TCGA-33-4566-01Z-00-DX1.C256546D-D3EC-41DA-9681-06BA4B011DD2,False,True,False
TCGA-33-4582-01Z-00-DX1.629AEDB6-E9AA-4615-92E8-5DDAAFF6103E,False,True,False
TCGA-33-4583-01Z-00-DX1.c5e3071e-a941-46db-a987-74a059ee6d69,False,True,False
TCGA-33-4583-01Z-00-DX2.8fc10fa1-82b8-49c5-972b-e4303b4293a7,False,True,False
TCGA-33-4583-01Z-00-DX3.f802363d-0e77-450e-bf45-928629c66e23,False,True,False
TCGA-33-4583-01Z-00-DX4.efa9cdaf-3a6a-4e31-9826-e90f6f3420b7,False,True,False
TCGA-33-4583-01Z-00-DX5.e2724cf8-d3fd-4ad2-9732-4ba02220d053,False,True,False
TCGA-33-4586-01Z-00-DX1.3b7dbb34-4bb4-4de5-a67f-1b6260fd8f15,False,True,False
TCGA-33-4586-01Z-00-DX2.a9798fe4-8db9-41d7-8d00-eb2a9eef1bc0,False,True,False
TCGA-33-6738-01Z-00-DX1.d688fae9-4daf-4b6e-b907-fb55e3983d62,False,True,False
TCGA-33-6738-01Z-00-DX2.3a2fa17d-0297-4b0c-8a5f-aa18c5342ef4,False,True,False
TCGA-33-6738-01Z-00-DX3.26deb8f3-f138-45e4-9765-f713030746e8,False,True,False
TCGA-33-6738-01Z-00-DX4.8a8b2411-f425-4181-82cc-0c8535055028,False,True,False
TCGA-33-6738-01Z-00-DX5.4af96952-d323-4d2e-9871-e590b7c5f59d,False,True,False
TCGA-33-6738-01Z-00-DX6.631ec263-2df0-4d13-982b-14db382a2532,False,True,False
TCGA-33-A4WN-01Z-00-DX1.438D0EF6-C329-41E5-A7D5-7F037DE34106,False,True,False
TCGA-33-A4WN-01Z-00-DX2.0AC8FFA9-BD94-4B28-8066-5430D6053432,False,True,False
TCGA-33-A5GW-01Z-00-DX1.6F0833B7-EDAB-4DF4-83D9-393D8ADBFCF3,False,True,False
TCGA-33-A5GW-01Z-00-DX2.8E12990B-CA60-4C94-9309-9A0DA6C63588,False,True,False
TCGA-33-A5GW-01Z-00-DX3.7A1C5169-96C6-4ECB-81E1-1050EFE84B60,False,True,False
TCGA-33-AAS8-01Z-00-DX1.774A64E2-17E4-468C-BFE9-85F0D4F52D0E,False,True,False
TCGA-33-AASB-01Z-00-DX1.7AAF5628-3B4D-4230-8375-AB1A51054466,False,True,False
TCGA-33-AASD-01Z-00-DX1.DAB3D05A-A6CE-47D1-90B6-79EBABAC3454,False,True,False
TCGA-33-AASI-01Z-00-DX1.71BC119D-9916-4214-9294-26301F2E430F,False,True,False
TCGA-33-AASJ-01Z-00-DX1.0201CE2A-4DE6-4B4E-A010-37D773207F52,False,True,False
TCGA-33-AASL-01Z-00-DX1.B6BE8062-EFB3-4615-8F9A-52E2C6D4617F,False,True,False
TCGA-94-7033-01Z-00-DX1.43146ed9-30a5-420d-bd92-b1acdce11103,False,True,False
TCGA-94-7557-01Z-00-DX1.ac61f900-6f9f-44eb-91ad-98c98af8b741,False,True,False
TCGA-94-7943-01Z-00-DX1.361fc645-89ae-4934-8c27-12907bc2a9ee,False,True,False
TCGA-94-8035-01Z-00-DX1.6962cc61-cb5f-44c9-95fe-1f382efec77a,False,True,False
TCGA-94-8490-01Z-00-DX1.5A44A8C6-38F4-47A4-80C6-7BB805E9116C,False,True,False
TCGA-94-8491-01Z-00-DX1.CC486AFA-3215-4CED-9000-EE4095FF7947,False,True,False
TCGA-94-A4VJ-01Z-00-DX1.FBC6E75E-80D8-42EA-9292-181EC4D5D170,False,True,False
TCGA-94-A5I4-01Z-00-DX1.F0CE4558-63A7-45FB-BA8C-1B20AB29A847,False,True,False
TCGA-94-A5I6-01Z-00-DX1.55C3DD79-D988-47FA-81FE-2BA20C291530,False,True,False
TCGA-98-7454-01Z-00-DX1.2d81415b-5edd-4dd8-b17b-849d732da4cd,False,True,False
TCGA-98-8020-01Z-00-DX1.fcf8e956-c413-40ae-9f09-610403e70fb3,False,True,False
TCGA-98-8021-01Z-00-DX1.2ab0e341-e248-4df3-84c4-df5e60dc0372,False,True,False
TCGA-98-8022-01Z-00-DX1.870ca00a-d779-4948-80b2-0f19d0f36b16,False,True,False
TCGA-98-8023-01Z-00-DX1.d04d976f-0a9f-44c6-a5f1-4b06885847f8,False,True,False
TCGA-98-A538-01Z-00-DX1.42BC06E8-8E8F-4CF0-A757-B5201BB2794F,False,True,False
TCGA-98-A539-01Z-00-DX1.420AA419-0146-4991-B98D-28E647E45F07,False,True,False
TCGA-98-A53A-01Z-00-DX1.CB328332-8AA9-483D-8BBF-5FD752A2A6B6,False,True,False
TCGA-98-A53B-01Z-00-DX1.5429DF3F-9F1C-4DEE-8A7A-CCB3E2BBDC8A,False,True,False
TCGA-98-A53C-01Z-00-DX1.1E06B7B5-32C3-436C-AD66-27E5829ADA85,False,True,False
TCGA-98-A53D-01Z-00-DX1.C83DC622-2C62-40D6-AC07-E8275D414B22,False,True,False
TCGA-98-A53H-01Z-00-DX1.B05E6339-440C-4F2E-95B5-F2C96413D488,False,True,False
TCGA-98-A53I-01Z-00-DX1.B245E2C2-8D75-45EE-8930-44CFFF8B2106,False,True,False
TCGA-98-A53J-01Z-00-DX1.EEC6256E-D331-4731-B00C-08622C725F61,False,True,False
TCGA-97-7546-01Z-00-DX1.dad9871f-cdfb-424d-a5b2-4e0905c29137,False,False,True
TCGA-97-7547-01Z-00-DX1.3563966f-21ee-4405-9106-9e0bf8df9f1a,False,False,True
TCGA-97-7552-01Z-00-DX1.a5ab8959-ff7a-4287-b014-87439957fb67,False,False,True
TCGA-97-7553-01Z-00-DX1.e31eec5e-0053-407a-b057-9b87555b122d,False,False,True
TCGA-97-7554-01Z-00-DX1.4107ca63-4642-42b9-b6f2-13778ecaf9a7,False,False,True
TCGA-97-7937-01Z-00-DX1.6db4b2ff-722c-4bb8-b12f-15f1a38b4ab1,False,False,True
TCGA-97-7938-01Z-00-DX1.d774d0a2-ee34-43ba-9d9d-34bf9718292e,False,False,True
TCGA-97-7941-01Z-00-DX1.6845ef95-2231-44a2-aeae-004a117f1964,False,False,True
TCGA-97-8171-01Z-00-DX1.a55cbfd1-6674-4206-b3e0-2a4f12a74e5d,False,False,True
TCGA-97-8172-01Z-00-DX1.812ab977-692e-42f8-af57-7ce9084ab045,False,False,True
TCGA-97-8175-01Z-00-DX1.f7148cec-5e4b-46ac-b167-d41b36eb3ee5,False,False,True
TCGA-97-8177-01Z-00-DX1.4c2ddf48-40d3-4fa0-8b5f-0485e8270ac7,False,False,True
TCGA-97-8179-01Z-00-DX1.5501338a-dd89-4c41-8267-5baaaea71643,False,False,True
TCGA-97-8552-01Z-00-DX1.69631717-0E05-49C1-B112-15C2E36BC2F8,False,False,True
TCGA-97-A4LX-01Z-00-DX1.B2334672-A626-4E74-B4D1-A79F70F65909,False,False,True
TCGA-97-A4M0-01Z-00-DX1.BDDFB04C-2475-485A-9A85-C4B9EB15155E,False,False,True
TCGA-97-A4M1-01Z-00-DX1.1C4B8247-BA3F-4841-BC9D-554F03F7894C,False,False,True
TCGA-97-A4M2-01Z-00-DX1.5C72522C-1538-4D68-B517-5FB05A9D401A,False,False,True
TCGA-97-A4M3-01Z-00-DX1.16330A66-2501-48D2-AF6A-713698BF6918,False,False,True
TCGA-97-A4M5-01Z-00-DX1.283AFBA6-A349-425F-A18E-5CA186084C23,False,False,True
TCGA-97-A4M6-01Z-00-DX1.01D83621-3D8E-4339-9F9B-CBD3083D5AE0,False,False,True
TCGA-97-A4M7-01Z-00-DX1.111ED60D-6E4A-47E9-AFD0-C2A109DE2C60,False,False,True
TCGA-97-A4M7-01Z-00-DX2.9D0A8A7E-5A84-439B-B3D1-DFA22BC6ED87,False,False,True
TCGA-80-5607-01Z-00-DX1.94C9CF78-2F79-4A0B-8939-1CD9B915222D,False,False,True
TCGA-80-5608-01Z-00-DX1.CB85BA53-AF00-4C7D-8489-C2FF0F4F49AB,False,False,True
TCGA-80-5611-01Z-00-DX1.31920706-8AF4-46D2-B1D4-7DD5AF4AAC77,False,False,True
TCGA-64-1676-01Z-00-DX1.3B8F1FAC-0FB2-45DE-AFA1-6ED451A4A61B,False,False,True
TCGA-64-1677-01Z-00-DX1.7720D42B-1F57-4C23-9BC5-87C456E7737B,False,False,True
TCGA-64-1678-01Z-00-DX1.92C851BD-37AC-4C4C-9920-DF394411CC2C,False,False,True
TCGA-64-1679-01Z-00-DX1.f9fd24ef-d51c-4530-9fb5-e8a8f09dba73,False,False,True
TCGA-64-1680-01Z-00-DX1.9CB14F20-E7B0-49A1-A327-404B3160FD65,False,False,True
TCGA-64-1681-01Z-00-DX1.fb0244f6-51a8-4da2-b45c-38d8e02edab7,False,False,True
TCGA-64-5774-01Z-00-DX1.5E3B95EB-BF45-4687-BCF7-AA2A41AA806C,False,False,True
TCGA-64-5775-01Z-00-DX1.9A338C1A-CDB6-41AF-B6D5-EDE608B5E3E1,False,False,True
TCGA-64-5778-01Z-00-DX1.96C39819-8A65-4651-BE83-39959F6FAD05,False,False,True
TCGA-64-5779-01Z-00-DX1.B3268447-DCE0-4927-B5A9-EC4D61E9B17D,False,False,True
TCGA-64-5781-01Z-00-DX1.81474D4D-6B48-473F-BAA9-ABD75C9223C3,False,False,True
TCGA-64-5815-01Z-00-DX1.1E3600B5-7E83-47BE-AC70-E0C2D623740B,False,False,True
TCGA-21-1070-01Z-00-DX1.06363f8a-ef29-4d73-95da-a3172d7873c0,False,False,True
TCGA-21-1071-01Z-00-DX1.a9bba825-1c92-4101-9086-c4d1c91117af,False,False,True
TCGA-21-1072-01Z-00-DX1.9e6c90ad-0529-4b8b-a4f8-1b05430600f9,False,False,True
TCGA-21-1075-01Z-00-DX1.937872ae-4d6f-4d7a-b54f-b7e797cb84b0,False,False,True
TCGA-21-1076-01Z-00-DX1.533ca070-93e0-4d49-8770-8f42f341ca38,False,False,True
TCGA-21-1077-01Z-00-DX1.e7d0d3ca-b24c-4b2b-bb8f-13cc6991fb78,False,False,True
TCGA-21-1078-01Z-00-DX1.12d4a290-04fa-413e-b274-7c143d42c266,False,False,True
TCGA-21-1079-01Z-00-DX1.fb8e44cd-f73f-48a4-82d2-34f334d79f53,False,False,True
TCGA-21-1080-01Z-00-DX1.7afa55df-e460-406e-ae9a-43ac4a71d0b0,False,False,True
TCGA-21-1081-01Z-00-DX1.fce8927a-2c5f-4a64-8414-da66424b3859,False,False,True
TCGA-21-1082-01Z-00-DX1.cae5bbaa-76f5-416d-b532-16cf773e017e,False,False,True
TCGA-21-1083-01Z-00-DX1.8288ca92-b611-4acf-986e-0b8a3f620b94,False,False,True
TCGA-21-5782-01Z-00-DX1.E0C856C0-9055-4437-9393-695D699E4F57,False,False,True
TCGA-21-5783-01Z-00-DX1.3FAB28DF-5748-42D5-8257-3D440C4FB5FB,False,False,True
TCGA-21-5784-01Z-00-DX1.E50E7F4B-BE37-4171-94A7-E824CFF4B3BB,False,False,True
TCGA-21-5786-01Z-00-DX1.928370C0-0BD4-43D6-94EB-FE7CB172265E,False,False,True
TCGA-21-5787-01Z-00-DX1.FEE037E3-B9B0-4C2E-97EF-D6E4F64E1DF9,False,False,True
TCGA-21-A5DI-01Z-00-DX1.E9123261-ADE7-468C-9E9A-334E131FFF97,False,False,True
TCGA-58-A46J-01Z-00-DX1.4BF4AAC3-2020-41EA-A181-5E90A23DA024,False,False,True
TCGA-58-A46K-01Z-00-DX1.A293339A-A592-4CA2-AE49-CDDD0810C624,False,False,True
TCGA-58-A46L-01Z-00-DX1.DA77E0D9-23A2-4D54-81E9-36849E04FBC8,False,False,True
TCGA-58-A46M-01Z-00-DX1.DCC711DA-EB83-498E-9AFA-33E874EA537C,False,False,True
TCGA-58-A46N-01Z-00-DX1.5D51252C-5294-4E40-ABB2-31C3BE1039F8,False,False,True
TCGA-52-7622-01Z-00-DX1.cb3bb056-27dd-4c15-9004-b06cc8923663,False,False,True
TCGA-52-7809-01Z-00-DX1.91f184ce-e4e1-42da-bdbc-36d6781bbf31,False,False,True
TCGA-52-7810-01Z-00-DX1.54fcdfff-c1ac-4427-bb33-54959695134f,False,False,True
TCGA-52-7811-01Z-00-DX1.7093a626-0e8f-4e4c-80c6-6cf32a2f725e,False,False,True
TCGA-52-7812-01Z-00-DX1.dd6fa49a-f9fe-40a1-80b2-0824b128f3b2,False,False,True
TCGA-43-2576-01Z-00-DX1.779df209-95e1-4303-9c32-4083e8088d8e,False,False,True
TCGA-43-2578-01Z-00-DX1.3314c57b-2875-4cb3-8fff-cb9cf65aa697,False,False,True
TCGA-43-2581-01Z-00-DX1.0d1203cf-9ac9-49a2-8bd0-063ceae7b1d3,False,False,True
TCGA-43-3394-01Z-00-DX1.4c2f49b9-9dac-41d8-a62b-64c8928caa3c,False,False,True
TCGA-43-3920-01Z-00-DX1.33ab7101-e3e6-4156-9c16-efae940c8156,False,False,True
TCGA-43-5668-01Z-00-DX1.0d024872-fbcc-4e91-948b-acc96a00d5eb,False,False,True
TCGA-43-5670-01Z-00-DX1.1b5d262e-1f39-4f6f-883c-52101b57791f,False,False,True
TCGA-43-6143-01Z-00-DX1.52d974a8-3f07-4e7f-8d3f-5d47f321298c,False,False,True
TCGA-43-6647-01Z-00-DX1.ac38a9bb-d5af-42c1-b96c-c1d6b958dd17,False,False,True
TCGA-43-6770-01Z-00-DX1.466dd07f-b147-48bb-9349-fe1f5f3bcae5,False,False,True
TCGA-43-6771-01Z-00-DX1.445d4d3f-6a28-4ea7-b7ab-612366c7bb4b,False,False,True
TCGA-43-6773-01Z-00-DX1.a05f9597-51b5-4a5a-9936-c61535b115bb,False,False,True
TCGA-43-7656-01Z-00-DX1.6076ce10-fcb2-4f29-b3f3-c3f5649dc469,False,False,True
TCGA-43-7657-01Z-00-DX1.d8a5d257-c5ca-4192-b6a7-4698b8390fca,False,False,True
TCGA-43-7658-01Z-00-DX1.db69fbb6-59d7-49f5-adbf-f9c030b85b73,False,False,True
TCGA-43-8115-01Z-00-DX1.1CFF45F8-6155-498C-AA52-269E6547FE0D,False,False,True
TCGA-43-A474-01Z-00-DX1.9BCC325D-875A-4285-85E9-2EA550A10949,False,False,True
TCGA-43-A475-01Z-00-DX1.48694B33-6070-4D6E-9CE4-BDEF072500A1,False,False,True
TCGA-43-A56U-01Z-00-DX1.B60C921A-4EE4-4CAE-9E55-311C7D2DA9E4,False,False,True
TCGA-43-A56V-01Z-00-DX1.AA93FE03-FA7D-42C4-A118-B98C2400D9DA,False,False,True
